Stock Index,Stock Price
AC3235,806.6484985
AC3236,254.990448
AC3237,1564.879639
AC3238,826.0256958
AC3239,202.6967926
AC3240,252.5858154
AC3241,733.7093506
AC3242,595.7296143
AC3243,542.5830078
AC3244,1387.772461
AC3245,302.2141113
AC3246,396.4275208
AC3247,800.8518677
AC3248,178.8871918
AC3249,161.2982178
AC3250,240.8826141
AC3251,1782.182007
AC3252,137.7477112
AC3253,287.0560608
AC3254,190.5805817
AC3255,993.598938
AC3256,855.7460327
AC3257,1519.211792
AC3258,503.5576172
AC3259,263.5451965
AC3260,287.0002136
AC3261,109.1870651
AC3262,236.9965363
AC3263,367.4943848
AC3264,107.0127945
AC3265,1071.475708
AC3266,879.1078491
AC3267,516.4147339
AC3268,765.7952881
AC3269,382.9115295
AC3270,832.9643555
AC3271,84.76570892
AC3272,391.7371826
AC3273,913.7199707
AC3274,641.9437256
AC3275,554.9295654
AC3276,675.7910767
AC3277,1007.484253
AC3278,912.3164063
AC3279,174.5546417
AC3280,399.8345032
AC3281,899.5932007
AC3282,120.610733
AC3283,787.4318237
AC3284,567.6758423
AC3285,99.12376404
AC3286,856.6942139
AC3287,193.2709503
AC3288,190.6611328
AC3289,152.4098358
AC3290,174.5493317
AC3291,182.8778839
AC3292,85.2386322
AC3293,504.0057678
AC3294,184.5481567
AC3295,574.418396
AC3296,88.79628754
AC3297,604.1080322
AC3298,790.5270996
AC3299,109.5724945
AC3300,85.18203735
AC3301,832.4185181
AC3302,123.1664658
AC3303,1260.94104
AC3304,27.62300873
AC3305,262.835907
AC3306,169.042923
AC3307,29.018013
AC3308,143.0280304
AC3309,260.0769653
AC3310,798.5957031
AC3311,1096.822144
AC3312,873.138916
AC3313,31.57350922
AC3314,72.52719879
AC3315,112.4807739
AC3316,405.306488
AC3317,956.734375
AC3318,544.8009033
AC3319,1183.86499
AC3320,20.49462128
AC3321,94.67288971
AC3322,78.67633057
AC3323,877.6516724
AC3324,77.66651917
AC3325,261.899353
AC3326,370.0637817
AC3327,78.25562286
AC3328,98.95040894
AC3329,688.3838501
AC3330,898.1868896
AC3331,251.8985443
AC3332,641.9158936
AC3333,620.8754883
AC3334,637.494751
AC3335,532.8509521
AC3336,546.1422729
AC3337,565.7843018
AC3338,609.0252075
AC3339,784.9632568
AC3340,76.20645142
AC3341,1233.318237
AC3342,1203.780151
AC3343,284.3804626
AC3344,87.69431305
AC3345,205.1671295
AC3346,78.42126465
AC3347,266.2443237
AC3348,654.7646484
AC3349,512.9692383
AC3350,866.2955933
AC3351,705.6038208
AC3352,212.3603516
AC3353,365.2668762
AC3354,184.0612183
AC3355,520.7128296
AC3356,215.3346405
AC3357,647.9874268
AC3358,1589.583252
AC3359,1341.187378
AC3360,1182.339355
AC3361,242.1008148
AC3362,355.7391357
AC3363,500.8936462
AC3364,355.4787292
AC3365,98.74248505
AC3366,334.0224915
AC3367,257.8731995
AC3368,805.8383179
AC3369,299.6360168
AC3370,592.6721191
AC3371,375.6802979
AC3372,468.4604797
AC3373,237.9911041
AC3374,342.5683594
AC3375,1081.118042
AC3376,441.0066833
AC3377,183.5517883
AC3378,372.3352356
AC3379,629.9620972
AC3380,134.7216187
AC3381,413.5903015
AC3382,592.3154297
AC3383,143.5695801
AC3384,225.5372314
AC3385,230.8791809
AC3386,109.1678543
AC3387,284.9429932
AC3388,1648.862061
AC3389,248.0328522
AC3390,231.3294373
AC3391,834.9979858
AC3392,617.5198364
AC3393,435.2282715
AC3394,526.6899414
AC3395,1464.592163
AC3396,56.41114044
AC3397,674.3935547
AC3398,414.6422119
AC3399,57.95198441
AC3400,738.2797852
AC3401,527.5285034
AC3402,461.6098328
AC3403,382.4460754
AC3404,183.0224915
AC3405,204.6770935
AC3406,299.1704407
AC3407,817.8029785
AC3408,463.683075
AC3409,636.6485596
AC3410,617.5403442
AC3411,907.1431274
AC3412,822.4171753
AC3413,222.3455658
AC3414,318.7872314
AC3415,583.9393921
AC3416,324.039917
AC3417,649.2208252
AC3418,363.0465393
AC3419,835.0064697
AC3420,799.6516724
AC3421,748.2935181
AC3422,697.8735352
AC3423,507.2460327
AC3424,584.8718262
AC3425,570.3484497
AC3426,75.25990295
AC3427,360.8788147
AC3428,768.3184814
AC3429,796.2607422
AC3430,329.4746704
AC3431,481.2897949
AC3432,510.0678101
AC3433,189.2748871
AC3434,868.1446533
AC3435,1098.314453
AC3436,426.1995239
AC3437,141.9765167
AC3438,1524.514404
AC3439,161.7291412
AC3440,1244.698364
AC3441,429.1826782
AC3442,38.24170685
AC3443,624.5878296
AC3444,163.2086639
AC3445,116.4281235
AC3446,764.3572998
AC3447,910.3596191
AC3448,143.4031219
AC3449,1099.616699
AC3450,203.891571
AC3451,1067.348999
AC3452,720.1116943
AC3453,638.9351196
AC3454,70.03583527
AC3455,715.9851074
AC3456,164.8394012
AC3457,615.1885376
AC3458,726.2937012
AC3459,1802.181763
AC3460,518.4306641
AC3461,586.5300903
AC3462,476.3077087
AC3463,1266.90564
AC3464,274.9941101
AC3465,627.1964722
AC3466,147.1364594
AC3467,146.7652893
AC3468,1385.108154
AC3469,279.0193787
AC3470,354.5440369
AC3471,685.1511841
AC3472,218.6125183
AC3473,420.2301331
AC3474,443.1517029
AC3475,81.83348083
AC3476,555.1756592
AC3477,824.630249
AC3478,124.9868546
AC3479,209.8601074
AC3480,143.0565948
AC3481,1124.011108
AC3482,380.072052
AC3483,1031.620117
AC3484,932.3411865
AC3485,801.24823
AC3486,103.9606018
AC3487,224.9956818
AC3488,1728.293457
AC3489,800.5691528
AC3490,1562.295898
AC3491,252.991745
AC3492,962.8859253
AC3493,63.71235657
AC3494,1026.953857
AC3495,125.6314926
AC3496,1320.791382
AC3497,416.4060059
AC3498,43.91721344
AC3499,371.3005371
AC3500,99.47795105
AC3501,250.0770416
AC3502,245.1995697
AC3503,287.2250366
AC3504,1136.141479
AC3505,1128.371704
AC3506,461.8365784
AC3507,855.8859863
AC3508,921.4279785
AC3509,373.8824463
AC3510,1226.105591
AC3511,1012.349487
AC3512,994.2818604
AC3513,543.1481323
AC3514,161.4538727
AC3515,923.6616211
AC3516,550.3751221
AC3517,490.0172729
AC3518,553.4052734
AC3519,987.6362915
AC3520,1784.795532
AC3521,773.1555176
AC3522,1239.749023
AC3523,998.680603
AC3524,1184.642334
AC3525,796.4864502
AC3526,449.9915466
AC3527,94.74408722
AC3528,75.30190277
AC3529,982.2981567
AC3530,527.90448
AC3531,603.3087769
AC3532,802.1642456
AC3533,535.9863892
AC3534,800.8174438
AC3535,916.3604126
AC3536,225.6365814
AC3537,144.6532745
AC3538,829.9504395
AC3539,1236.906616
AC3540,366.4182129
AC3541,521.4247437
AC3542,320.60849
AC3543,1051.99939
AC3544,444.9555359
AC3545,546.751709
AC3546,579.9200439
AC3547,601.1782227
AC3548,78.94348145
AC3549,1640.761475
AC3550,842.1221313
AC3551,660.3514404
AC3552,316.8684082
AC3553,878.3667603
AC3554,292.3728333
AC3555,192.4174957
AC3556,1039.116211
AC3557,632.1670532
AC3558,1299.328979
AC3559,532.7570801
AC3560,151.3460541
AC3561,189.3609772
AC3562,781.4915771
AC3563,1079.427734
AC3564,1502.552246
AC3565,712.6834106
AC3566,285.613678
AC3567,212.2012482
AC3568,153.7018585
AC3569,333.5426331
AC3570,772.7433472
AC3571,600.4237061
AC3572,469.5369873
AC3573,1292.711914
AC3574,654.1352539
AC3575,151.8552551
AC3576,553.7680054
AC3577,1703.487671
AC3578,80.9719162
AC3579,1473.259399
AC3580,121.6993942
AC3581,89.06244659
AC3582,239.3013458
AC3583,680.789856
AC3584,181.4863281
AC3585,117.6880341
AC3586,401.559906
AC3587,23.0547905
AC3588,215.7458191
AC3589,149.0126801
AC3590,287.8268433
AC3591,340.8722229
AC3592,275.6763611
AC3593,52.86008835
AC3594,121.2230759
AC3595,379.9380188
AC3596,825.4854126
AC3597,73.03569794
AC3598,199.1015778
AC3599,1193.846069
AC3600,1283.014648
AC3601,956.9760742
AC3602,777.434082
AC3603,1669.872437
AC3604,291.5386963
AC3605,779.8479614
AC3606,1225.831421
AC3607,31.5947113
AC3608,1048.650146
AC3609,497.8146362
AC3610,190.6812286
AC3611,783.3377686
AC3612,101.3207016
AC3613,1227.587158
AC3614,465.736084
AC3615,454.7678833
AC3616,276.9908142
AC3617,1297.231812
AC3618,103.8871765
AC3619,257.182312
AC3620,225.8306732
AC3621,825.1565552
AC3622,281.1584167
AC3623,306.7877197
AC3624,736.8217773
AC3625,246.8370209
AC3626,94.819664
AC3627,653.3853149
AC3628,53.30847931
AC3629,51.19646835
AC3630,586.8911743
AC3631,43.07807541
AC3632,156.5515594
AC3633,287.1116028
AC3634,1429.411255
AC3635,282.6863708
AC3636,1199.575928
AC3637,348.6816406
AC3638,1003.925476
AC3639,196.5431671
AC3640,897.0409546
AC3641,552.1502686
AC3642,102.3411331
AC3643,611.5219727
AC3644,752.4257813
AC3645,1134.266968
AC3646,668.1298218
AC3647,367.6647949
AC3648,216.5446625
AC3649,400.3867798
AC3650,685.2293701
AC3651,1350.306885
AC3652,362.5187683
AC3653,587.1356812
AC3654,1215.363403
AC3655,376.4673157
AC3656,363.2252502
AC3657,923.2163086
AC3658,943.305481
AC3659,534.3505249
AC3660,121.7401581
AC3661,131.4020386
AC3662,300.3783875
AC3663,801.4154053
AC3664,408.3934631
AC3665,878.7300415
AC3666,382.1400146
AC3667,627.0287476
AC3668,1279.382935
AC3669,1169.074707
AC3670,427.8427124
AC3671,85.23974609
AC3672,341.0709229
AC3673,884.0583496
AC3674,902.0319214
AC3675,594.114563
AC3676,1368.483521
AC3677,1067.882324
AC3678,1244.26709
AC3679,408.7467957
AC3680,650.5806274
AC3681,573.7492676
AC3682,245.9269257
AC3683,545.6832275
AC3684,469.8047791
AC3685,139.9052124
AC3686,272.8352661
AC3687,801.1766357
AC3688,207.1895447
AC3689,790.4370117
AC3690,652.4256592
AC3691,490.3491821
AC3692,199.3266907
AC3693,150.9362183
AC3694,233.8308563
AC3695,218.2141113
AC3696,109.9548874
AC3697,330.2333679
AC3698,136.072464
AC3699,125.5000229
AC3700,1145.463257
AC3701,232.1304474
AC3702,437.5614624
AC3703,182.6702423
AC3704,264.9659119
AC3705,680.0039063
AC3706,683.1140747
AC3707,1498.787476
AC3708,1222.628052
AC3709,501.7036438
AC3710,114.0101166
AC3711,1099.707031
AC3712,318.4471741
AC3713,969.7383423
AC3714,1473.89624
AC3715,1353.221924
AC3716,188.5471344
AC3717,828.5740967
AC3718,1358.009277
AC3719,1054.588501
AC3720,117.0526733
AC3721,314.8361206
AC3722,1529.191284
AC3723,568.7263794
AC3724,78.93653107
AC3725,942.2036133
AC3726,92.33595276
AC3727,599.4980469
AC3728,289.3547363
AC3729,350.8980408
AC3730,576.3422241
AC3731,990.8052979
AC3732,527.8497314
AC3733,150.7762909
AC3734,475.4187927
AC3735,341.9330139
AC3736,704.6439209
AC3737,513.8174438
AC3738,351.2639465
AC3739,61.8215332
AC3740,369.7623291
AC3741,759.7858276
AC3742,723.6905518
AC3743,833.3550415
AC3744,60.41724396
AC3745,105.9533386
AC3746,338.294281
AC3747,392.52771
AC3748,115.3682022
AC3749,501.7228088
AC3750,1443.648682
AC3751,51.62997055
AC3752,80.1074295
AC3753,369.5917358
AC3754,670.9326782
AC3755,57.66304398
AC3756,329.4256592
AC3757,567.5206909
AC3758,537.8978882
AC3759,548.7103271
AC3760,209.0180511
AC3761,447.7432251
AC3762,503.8058472
AC3763,891.819519
AC3764,353.2395935
AC3765,1067.641357
AC3766,417.5288391
AC3767,149.7006073
AC3768,624.5830078
AC3769,1004.568787
AC3770,513.7334595
AC3771,783.9473267
AC3772,388.4953308
AC3773,656.9699097
AC3774,198.7429657
AC3775,140.5061798
AC3776,165.7669678
AC3777,663.8348999
AC3778,596.3258667
AC3779,894.5144653
AC3780,173.6214142
AC3781,805.7279053
AC3782,199.6893311
AC3783,649.4464722
AC3784,189.4661102
AC3785,579.4406128
AC3786,279.7502136
AC3787,261.3255005
AC3788,571.2433472
AC3789,851.2426147
AC3790,997.0391235
AC3791,175.4774323
AC3792,1019.362305
AC3793,983.6922607
AC3794,753.4134521
AC3795,491.0761414
AC3796,177.7023315
AC3797,198.1675262
AC3798,695.8135376
AC3799,877.1939697
AC3800,492.5138245
AC3801,774.2873535
AC3802,230.4167633
AC3803,67.34780884
AC3804,20.02654266
AC3805,34.30644989
AC3806,766.0135498
AC3807,158.7827301
AC3808,1431.460083
AC3809,189.8423767
AC3810,510.589447
AC3811,308.7850647
AC3812,575.6878052
AC3813,1057.702759
AC3814,777.5692139
AC3815,172.1734314
AC3816,818.5705566
AC3817,312.7192078
AC3818,1643.362671
AC3819,81.49676514
AC3820,147.6647034
AC3821,259.2079773
AC3822,214.3491821
AC3823,423.7909851
AC3824,419.7863464
AC3825,372.95401
AC3826,378.3649902
AC3827,586.4035034
AD1,142.4108887
AD2,402.3996887
AD3,65.34443665
AD4,618.3876953
AD5,100.7279816
AD6,142.9742889
AD7,372.8020935
AD8,714.2012329
AD9,636.5001831
AD10,341.9640808
AD11,134.4086151
AD12,141.6246185
AD13,782.6616821
AD14,690.812439
AD15,1009.298279
AD16,634.5606079
AD17,775.6256714
AD18,575.4275513
AD19,1531.651611
AD20,204.3124542
AD21,825.2045898
AD22,1331.924438
AD23,1614.390503
AD24,302.9696045
AD25,754.621582
AD26,543.3018188
AD27,346.3857727
AD28,255.9482117
AD29,760.5731812
AD30,1126.575684
AD31,275.1616821
AD32,396.7371521
AD33,481.9367065
AD34,214.4692688
AD35,672.9851074
AD36,187.3009491
AD37,35.00850677
AD38,1600.365356
AD39,800.843811
AD40,473.2575989
AD41,43.48067856
AD42,171.5286255
AD43,113.4906998
AD44,817.4267578
AD45,1708.402954
AD46,512.7915039
AD47,201.7687531
AD48,161.0913391
AD49,258.2312927
AD50,557.5698853
AD51,45.97502518
AD52,68.20493317
AD53,482.5674438
AD54,124.1817093
AD55,582.8500977
AD56,1115.783569
AD57,841.624939
AD58,1191.391235
AD59,650.7145996
AD60,634.3009644
AD61,815.1998901
AD62,1647.820435
AD63,701.6922607
AD64,975.5112305
AD65,183.77005
AD66,387.407074
AD67,125.3802872
AD68,1095.767822
AD69,190.7823792
AD70,23.16985321
AD71,446.2210083
AD72,681.958313
AD73,350.3674011
AD74,203.4707489
AD75,781.9140015
AD76,1390.578613
AD77,271.1250305
AD78,398.0735779
AD79,1535.309814
AD80,758.3250122
AD81,1192.670654
AD82,582.3688965
AD83,98.08708954
AD84,487.787323
AD85,994.6501465
AD86,504.9075928
AD87,534.2261963
AD88,638.6327515
AD89,71.59420013
AD90,800.3244629
AD91,1372.145264
AD92,197.7683105
AD93,575.1271973
AD94,505.7941589
AD95,155.02771
AD96,683.2252197
AD97,338.7006836
AD98,1094.25708
AD99,39.41049957
AD100,816.1477051
AD101,221.7138367
AD102,99.07079315
AD103,147.2524567
AD104,245.5965576
AD105,1003.319214
AD106,861.4022217
AD107,1248.133667
AD108,1184.369507
AD109,130.0311584
AD110,642.6019897
AD111,511.6348877
AD112,1205.087402
AD113,348.5152283
AD114,262.2891541
AD115,320.730011
AD116,640.546814
AD117,817.0210571
AD118,120.5269775
AD119,332.6549988
AD120,79.12145233
AD121,95.88180542
AD122,598.9078369
AD123,35.71430206
AD124,560.2508545
AD125,597.821228
AD126,423.550354
AD127,1270.159424
AD128,425.4513245
AD129,706.5981445
AD130,262.091156
AD131,822.7280884
AD132,498.3391418
AD133,724.5689697
AD134,376.1681519
AD135,1553.630981
AD136,816.9192505
AD137,447.3926392
AD138,835.8928833
AD139,1505.008301
AD140,389.0144653
AD141,88.25193024
AD142,794.939209
AD143,134.3417969
AD144,137.8026123
AD145,175.8527527
AD146,1178.697998
AD147,915.6012573
AD148,824.348999
AD149,1073.06189
AD150,738.0585327
AD151,241.8785248
AD152,1116.040771
AD153,435.4688416
AD154,401.5679016
AD155,509.263031
AD156,124.3913269
AD157,1345.151489
AD158,385.5424194
AD159,774.2247314
AD160,1179.574463
AD161,674.8704834
AD162,195.9326324
AD163,515.7996826
AD164,869.7440186
AD165,597.1732178
AD166,434.3004456
AD167,436.7071228
AD168,439.2644348
AD169,832.3614502
AD170,84.70852661
AD171,718.1646118
AD172,224.392807
AD173,608.453125
AD174,662.1557617
AD175,334.7812195
AD176,312.4983215
AD177,425.0318604
AD178,1224.163086
AD179,874.9580078
AD180,64.1802597
AD181,1296.75354
AD182,252.1121368
AD183,64.2082901
AD184,1336.633423
AD185,455.4025879
AD186,1280.632568
AD187,512.2873535
AD188,77.73754883
AD189,1150.148804
AD190,365.8126526
AD191,96.89891052
AD192,613.8803101
AD193,33.09952164
AD194,329.866394
AD195,578.5922852
AD196,828.6224365
AD197,1182.692017
AD198,181.4471283
AD199,101.0009766
AD200,606.421936
AD201,1192.601318
AD202,104.2052078
AD203,536.2490845
AD204,1113.270752
AD205,168.4146271
AD206,299.8473816
AD207,838.0195313
AD208,728.1784058
AD209,608.0870361
AD210,1882.5448
AD211,396.8137817
AD212,1134.258179
AD213,1321.76001
AD214,387.7177429
AD215,592.0540771
AD216,35.52482986
AD217,1499.095093
AD218,843.6401367
AD219,356.698761
AD220,392.6455383
AD221,446.0946045
AD222,1296.91626
AD223,48.04854584
AD224,838.699646
AD225,467.6698303
AD226,1678.338257
AD227,529.6661377
AD228,265.7524109
AD229,399.5510254
AD230,400.1707458
AD231,477.1043701
AD232,844.1005249
AD233,567.4135132
AD234,540.3280029
AD235,302.6938782
AD236,352.3867798
AD237,421.0126343
AD238,915.7011719
AD239,665.0273438
AD240,943.5551758
AD241,441.7548218
AD242,155.6156464
AD243,642.2445679
AD244,375.733429
AD245,406.3612671
AD246,344.2854309
AD247,960.5905762
AD248,580.9735107
AD249,775.6265869
AD250,682.3633423
AD251,480.0398865
AD252,823.7602539
AD253,581.1906128
AD254,466.3997192
AD255,908.5963135
AD256,155.7816315
AD257,1001.602844
AD258,715.6954956
AD259,308.4449463
AD260,623.8034058
AD261,295.977478
AD262,248.4993439
AD263,929.180542
AD264,283.3836975
AD265,757.7875977
AD266,630.4608765
AD267,161.0146484
AD268,777.5167847
AD269,518.8223877
AD270,716.2868652
AD271,161.8291321
AD272,348.6494141
AD273,390.4798584
AD274,255.8647461
AD275,648.9343872
AD276,272.940918
AD277,357.7550659
AD278,495.0694885
AD279,630.7469482
AD280,985.4919434
AD281,581.0751953
AD282,935.2489014
AD283,546.2063599
AD284,134.3495636
AD285,139.4224854
AD286,203.6872711
AD287,385.5953369
AD288,308.8400269
AD289,167.0862732
AD290,892.0076294
AD291,215.0667725
AD292,699.211853
AD293,381.7446594
AD294,494.2257385
AD295,720.7490845
AD296,764.6949463
AD297,143.1160431
AD298,487.093811
AD299,528.7787476
AD300,408.5455933
AD301,284.3877869
AD302,238.7484131
AD303,646.7763062
AD304,604.4572144
AD305,503.7640381
AD306,284.112854
AD307,140.9771118
AD308,505.8188477
AD309,184.3695984
AD310,633.2556763
AD311,727.1273193
AD312,951.3134155
AD313,1017.995605
AD314,500.4173279
AD315,734.727417
AD316,435.6758423
AD317,1187.105469
AD318,435.7341919
AD319,1014.296326
AD320,833.590332
AD321,678.5358887
AD322,333.4534912
AD323,402.5800476
AD324,593.3145752
AD325,770.5281372
AD326,514.0238647
AD327,784.0526123
AD328,480.0443115
AD329,740.1495972
AD330,892.6592407
AD331,627.0852661
AD332,312.3170776
AD333,268.1298523
AD334,417.3200378
AD335,208.8532867
AD336,160.8666382
AD337,280.1602478
AD338,970.0874023
AD339,721.3695679
AD340,324.3614502
AD341,264.8840027
AD342,604.107605
AD343,600.9885254
AD344,971.2755127
AD345,340.300354
AD346,343.7242432
AD347,596.2357788
AD348,687.4603882
AD349,856.1292725
AD350,302.0918579
AD351,668.5949097
AD352,492.1697388
AD353,420.8849182
AD354,239.257843
AD355,763.1660767
AD356,750.0032349
AD357,161.3225708
AD358,708.8348389
AD359,247.0426636
AD360,676.3589478
AD361,153.7405853
AD362,191.6666107
AD363,896.1596069
AD364,357.350647
AD365,601.9829712
AD366,212.9371338
AD367,442.2427673
AD368,155.1345978
AD369,503.6767578
AD370,303.1369019
AD371,266.3412781
AD372,712.0067749
AD373,740.9290161
AD374,246.9255524
AD375,955.2103271
AD376,983.8609619
AD377,853.9752197
AD378,169.3792267
AD379,1010.212341
AD380,353.7411804
AD381,239.1149139
AD382,230.2642059
AD383,208.9719086
AD384,869.038147
AD385,151.7963257
AD386,934.0228882
AD387,250.8795013
AD388,947.7919922
AD389,1037.924316
AD390,742.487793
AD391,515.0654907
AD392,869.6593018
AD393,717.2608032
AD394,169.7157135
AD395,333.3674011
AD396,658.8018188
AD397,964.6650391
AD398,313.0109558
AD399,805.3203125
AD400,337.3750305
AD401,977.7132568
AD402,393.5333252
AD403,768.9334717
AD404,678.6878052
AD405,549.1680908
AD406,318.9335327
AD407,235.1790161
AD408,637.0397949
AD409,174.5601349
AD410,610.1571655
AD411,660.0900879
AD412,151.6799164
AD413,505.2810364
AD414,701.7297363
AD415,903.5137329
AD416,678.9101563
AD417,583.8495483
AD418,790.7337036
AD419,648.1359863
AD420,168.8775635
AD421,462.252655
AD422,165.9049225
AD423,493.7811584
AD424,232.4481812
AD425,864.3703613
AD426,1013.336914
AD427,909.0563354
AD428,674.2493896
AD429,216.1956177
AD430,189.4395447
AD431,487.2113037
AD432,505.3853455
AD433,956.522644
AD434,321.5617981
AD435,667.9235229
AD436,372.7167664
AD437,442.0887451
AD438,629.0888062
AD439,344.8934021
AD440,343.9918823
AD441,348.1998901
AD442,239.4034424
AD443,667.8187256
AD444,479.228241
AD445,663.7637329
AD446,259.178009
AD447,702.3311157
AD448,163.7590332
AD449,722.03302
AD450,645.2702026
AD451,897.5874634
AD452,782.8804932
AD453,807.9441528
AD454,779.47052
AD455,581.5825195
AD456,223.4164581
AD457,188.7454224
AD458,168.2255707
AD459,795.0661621
AD460,926.8682251
AD461,1002.02948
AD462,375.4165039
AD463,879.9462891
AD464,314.8568726
AD465,242.8399658
AD466,1046.10083
AD467,865.6981201
AD468,338.5118713
AD469,771.2852783
AD470,1037.25061
AD471,302.197113
AD472,334.0012817
AD473,601.3205566
AD474,1094.73291
AD475,639.5119019
AD476,989.5325928
AD477,525.4683228
AD478,449.9667969
AD479,360.6627502
AD480,761.5203247
AD481,892.0083008
AD482,404.848053
AD483,788.4821167
AD484,763.6900635
AD485,857.1781616
AD486,183.2317047
AD487,669.5418701
AD488,438.986908
AD489,853.1901855
AD490,707.3602905
AD491,325.4754333
AD492,432.022644
AD493,632.9890137
AD494,648.3997803
AD495,1008.623169
AD496,929.9345703
AD497,557.7421875
AD498,599.0882568
AD499,557.4735107
AD500,544.7078247
AD501,504.2442627
AD502,544.2110596
AD503,559.4064941
AD504,607.3911133
AD505,625.0095825
AD506,787.3722534
AD507,162.3939362
AD508,924.6688843
AD509,555.2997437
AD510,141.367157
AD511,581.0152588
AD512,1048.972168
AD513,303.5383911
AD514,605.0805664
AD515,144.2090912
AD516,353.8166504
AD517,266.4593811
AD518,467.5632324
AD519,799.4001465
AD520,917.6939697
AD521,860.4413452
AD522,507.9866333
AD523,150.2861786
AD524,699.7886963
AD525,752.2642822
AD526,307.9356384
AD527,307.9120483
AD528,88.15713501
AD529,160.2080383
AD530,1292.101929
AD531,103.2380981
AD532,179.2601776
AD533,825.4399414
AD534,707.4373779
AD535,1187.314087
AD536,95.53264618
AD537,142.5191803
AD538,1081.709473
AD539,571.4189453
AD540,114.7034149
AD541,539.2047729
AD542,581.1449585
AD543,368.8684692
AD544,166.0929413
AD545,1579.697021
AD546,29.22085953
AD547,386.334137
AD548,292.2868347
AD549,960.5130005
AD550,342.5180359
AD551,755.7113647
AD552,340.2148438
AD553,113.0870438
AD554,594.7141724
AD555,339.8225708
AD556,344.2709045
AD557,375.35495
AD558,454.8530884
AD559,1232.325439
AD560,265.0261841
AD561,136.9591522
AD562,1302.39624
AD563,304.6244812
AD564,234.4569244
AD565,411.5901489
AD566,689.18573
AD567,1225.97583
AD568,458.0056763
AD569,207.4519196
AD570,914.0985718
AD571,1109.53186
AD572,771.8816528
AD573,615.8886108
AD574,1096.062988
AD575,838.1801147
AD576,26.8860817
AD577,492.1795044
AD578,1221.262329
AD579,850.6969604
AD580,269.5605774
AD581,155.3540344
AD582,166.9504089
AD583,1546.725464
AD584,697.2025757
AD585,108.4013138
AD586,308.2271729
AD587,717.1138916
AD588,185.9709015
AD589,251.4752655
AD590,668.3251343
AD591,701.4563599
AD592,303.3887024
AD593,893.1266479
AD594,322.1367493
AD595,950.4907837
AD596,1053.857666
AD597,1737.771606
AD598,1318.396484
AD599,426.3337402
AD600,295.7753906
AD601,193.1406403
AD602,671.8406372
AD603,236.7915192
AD604,119.2221603
AD605,624.8414917
AD606,952.9645996
AD607,148.2577057
AD608,452.1790771
AD609,663.9939575
AD610,27.68281937
AD611,538.0639648
AD612,895.0343628
AD613,807.1928711
AD614,651.2141113
AD615,250.434967
AD616,532.3574829
AD617,493.6003723
AD618,102.0994492
AD619,375.6138611
AD620,854.5906982
AD621,739.1377563
AD622,63.40378952
AD623,981.3869019
AD624,946.5137939
AD625,452.6919556
AD626,405.2920227
AD627,734.0078735
AD628,258.0392456
AD629,637.824646
AD630,410.4590149
AD631,506.153717
AD632,136.6775055
AD633,89.56872559
AD634,55.0007782
AD635,165.5887604
AD636,391.1991882
AD637,190.3022156
AD638,481.9302368
AD639,475.7861938
AD640,192.4277191
AD641,692.300415
AD642,617.6235962
AD643,558.7005005
AD644,100.1427383
AD645,711.6924438
AD646,874.7072144
AD647,150.2130737
AD648,556.3792725
AD649,255.7953644
AD650,412.9761658
AD651,1155.377441
AD652,650.953064
AD653,384.1487122
AD654,526.2542114
AD655,319.9908142
AD656,751.0175171
AD657,858.7753296
AD658,226.3115997
AD659,1394.748413
AD660,256.3241272
AD661,1353.0802
AD662,276.3469543
AD663,134.9515686
AD664,348.2555542
AD665,193.0572968
AD666,379.8851624
AD667,194.2444763
AD668,329.5963745
AD669,296.2072754
AD670,1466.207153
AD671,658.5944214
AD672,624.8770142
AD673,985.8742676
AD674,478.2144775
AD675,260.7649536
AD676,1022.174561
AD677,456.9839172
AD678,628.0772095
AD679,65.51369476
AD680,965.0996704
AD681,1750.838989
AD682,654.9860229
AD683,912.6852417
AD684,332.7200623
AD685,1701.92749
AD686,1289.978394
AD687,417.0203247
AD688,1691.938354
AD689,398.394928
AD690,396.9867859
AD691,1072.196045
AD692,355.6173401
AD693,63.01491547
AD694,64.13539886
AD695,703.1672363
AD696,868.0193481
AD697,314.67453
AD698,824.4013672
AD699,732.6727295
AD700,117.28759
AD701,981.9511108
AD702,998.3178101
AD703,549.4962158
AD704,404.3741455
AD705,192.8205109
AD706,174.590332
AD707,863.930603
AD708,706.753418
AD709,470.589447
AD710,96.40232849
AD711,468.1747131
AD712,482.3646545
AD713,158.4919128
AD714,23.09509277
AD715,233.9288025
AD716,553.6304932
AD717,210.4094849
AD718,501.9153137
AD719,1044.304321
AD720,83.45592499
AD721,296.9413757
AD722,756.8688354
AD723,196.1330872
AD724,570.6022949
AD725,463.3017273
AD726,532.4660034
AD727,1348.540527
AD728,906.6951294
AD729,808.0463257
AD730,959.5270386
AD731,420.0886536
AD732,222.058548
AD733,584.4569702
AD734,414.3838806
AD735,322.2506104
AD736,594.5358887
AD737,1270.962646
AD738,389.864624
AD739,839.3776855
AD740,486.3779602
AD741,147.1594696
AD742,891.8456421
AD743,452.5301819
AD744,1372.071655
AD745,88.632164
AD746,84.12947845
AD747,1271.432739
AD748,936.1643066
AD749,651.3864136
AD750,314.4992371
AD751,1150.306152
AD752,175.6544037
AD753,65.59441376
AD754,839.8305664
AD755,393.2165222
AD756,374.1378479
AD757,825.7990112
AD758,739.6066895
AD759,703.496521
AD760,88.55085754
AD761,1204.402222
AD762,696.9168091
AD763,554.9870605
AD764,187.1696014
AD765,76.48225403
AD766,427.4243774
AD767,285.2164612
AD768,162.283783
AD769,53.04623032
AD770,187.550415
AD771,61.93414307
AD772,261.5516968
AD773,278.7670593
AD774,452.6727905
AD775,220.3677216
AD776,929.1748047
AD777,605.2818604
AD778,603.9511719
AD779,679.6146851
AD780,787.1923828
AD781,473.2955017
AD782,552.0112305
AD783,511.9949036
AD784,496.2444153
AD785,57.90356445
AD786,324.7556458
AD787,335.1395874
AD788,287.3770142
AD789,805.8471069
AD790,203.2312775
AD791,1027.771118
AD792,1100.056763
AD793,1793.987793
AD794,445.9396057
AD795,1107.253174
AD796,728.8724365
AD797,1265.069092
AD798,183.9281616
AD799,217.336319
AD800,1437.504272
AD801,1321.648438
AD802,299.2657166
AD803,742.1954346
AD804,150.0980072
AD805,914.9518433
AD806,142.2761536
AD807,1112.064575
AD808,297.8865356
AD809,369.3444824
AD810,329.9871826
AD811,184.2822876
AD812,850.8535156
AD813,504.0358582
AD814,1225.545654
AD815,264.7428894
AD816,1290.935425
AD817,43.91727066
AD818,517.9707031
AD819,42.71291351
AD820,1108.443726
AD821,396.5288696
AD822,901.6000366
AD823,882.9534302
AD824,1023.993896
AD825,297.2985535
AD826,331.3099976
AD827,594.7910156
AD828,297.2000732
AD829,548.8102417
AD830,229.4198761
AD831,61.81487656
AD832,140.4041901
AD833,340.3455505
AD834,229.4602356
AD835,712.7650757
AD836,190.9028778
AD837,681.3704834
AD838,682.3894043
AD839,1614.402466
AD840,362.2408142
AD841,406.7426147
AD842,243.1327057
AD843,713.0844727
AD844,919.1578979
AD845,570.3134155
AD846,544.2731934
AD847,482.0335083
AD848,345.1375427
AD849,1092.742188
AD850,168.482666
AD851,597.3953857
AD852,155.1662598
AD853,504.3408508
AD854,985.8793945
AD855,205.3382111
AD856,1271.812256
AD857,302.2036743
AD858,212.8692627
AD859,774.8156128
AD860,1653.550659
AD861,351.4022522
AD862,473.2862854
AD863,1307.144653
AD864,82.94223022
AD865,629.3060303
AD866,1003.002563
AD867,185.5855865
AD868,213.7759705
AD869,839.0397339
AD870,1341.933105
AD871,548.930481
AD872,443.5849609
AD873,153.246994
AD874,570.0202026
AD875,163.1750793
AD876,94.70249939
AD877,1440.096802
AD878,358.2615662
AD879,436.1268616
AD880,786.7548828
AD881,161.3870544
AD882,584.6807251
AD883,1638.018066
AD884,420.6603394
AD885,994.8909302
AD886,245.3188324
AD887,603.3544922
AD888,522.7840576
AD889,490.5114441
AD890,420.7592773
AD891,305.9169617
AD892,670.9492188
AD893,633.5072021
AD894,607.2577515
AD895,1152.070313
AD896,590.2533569
AD897,853.4433594
AD898,197.5422211
AD899,1043.896118
AD900,438.4471436
AD901,175.2005157
AD902,416.7760315
AD903,420.8309631
AD904,138.6275024
AD905,1340.169067
AD906,1053.560303
AD907,800.6784058
AD908,1459.384644
AD909,214.0851288
AD910,353.8109131
AD911,506.1350098
AD912,464.9154663
AD913,1386.311768
AD914,925.1398926
AD915,671.4116821
AD916,76.95453644
AD917,336.3661499
AD918,228.444809
AD919,660.170166
AD920,332.6379395
AD921,67.44674683
AD922,918.2033691
AD923,1205.58313
AD924,888.637085
AD925,41.88860703
AD926,654.6040649
AD927,460.7454529
AD928,72.52281952
AD929,396.4881592
AD930,550.279541
AD931,489.5515747
AD932,1009.273987
AD933,1131.310913
AD934,469.2829895
AD935,944.7338867
AD936,721.0722656
AD937,705.9154663
AD938,757.3224487
AD939,610.3474731
AD940,885.487793
AD941,854.2282104
AD942,207.9607544
AD943,774.572937
AD944,529.3330688
AD945,1091.446655
AD946,767.2346191
AD947,685.3864136
AD948,352.2434998
AD949,677.3751221
AD950,156.1959229
AD951,166.7192383
AD952,188.2753601
AD953,393.3818665
AD954,350.2139587
AD955,254.8791351
AD956,548.5916748
AD957,1022.28363
AD958,167.5436554
AD959,239.6294861
AD960,1111.716431
AD961,454.371582
AD962,844.1714478
AD963,335.9904785
AD964,775.6817017
AD965,310.6299133
AD966,865.868042
AD967,1028.851196
AD968,290.6940308
AD969,866.5758057
AD970,1048.164795
AD971,497.2990417
AD972,501.2404785
AD973,1087.227905
AD974,312.6629028
AD975,244.9423981
AD976,573.6768799
AD977,172.8982086
AD978,312.1444397
AD979,376.9284058
AD980,149.2524414
AD981,313.9266052
AD982,572.4196777
AD983,205.109375
AD984,265.7766113
AD985,458.7096558
AD986,340.350769
AD987,690.2365112
AD988,254.9680786
AD989,207.0282288
AD990,642.5693359
AD991,588.2023315
AD992,180.0583191
AD993,155.5926361
AD994,851.4630737
AD995,214.5942688
AD996,760.928833
AD997,34.15932465
AD998,920.4346924
AD999,1197.590576
AD1000,100.4968643
AD1001,201.8849335
AD1002,120.3795013
AD1003,475.443512
AD1004,225.0841064
AD1005,260.1002808
AD1006,343.0911865
AD1007,497.3886108
AD1008,333.875061
AD1009,274.113678
AD1010,1181.317383
AD1011,1481.852539
AD1012,249.9969635
AD1013,202.2875366
AD1014,528.5105591
AD1015,604.6866455
AD1016,975.2988281
AD1017,1008.834839
AD1018,165.0872192
AD1019,506.8226013
AD1020,446.8651123
AD1021,1704.947266
AD1022,452.5008545
AD1023,1083.78418
AD1024,1050.381836
AD1025,970.2192383
AD1026,773.1744995
AD1027,340.2209778
AD1028,30.34064865
AD1029,955.2770996
AD1030,898.3746948
AD1031,256.2076111
AD1032,896.4837646
AD1033,1361.812988
AD1034,730.5530396
AD1035,158.404892
AD1036,1309.605713
AD1037,310.2615967
AD1038,1592.89624
AD1039,549.8341675
AD1040,397.1261292
AD1041,449.4623108
AD1042,1137.697754
AD1043,1314.419434
AD1044,292.0350647
AD1045,970.0838013
AD1046,778.2853394
AD1047,787.7144775
AD1048,237.1889343
AD1049,1439.512939
AD1050,38.180439
AD1051,307.3459167
AD1052,213.4967346
AD1053,172.2580719
AD1054,1047.39563
AD1055,471.9320679
AD1056,1133.833252
AD1057,1312.887085
AD1058,1150.564575
AD1059,536.3771973
AD1060,1731.006348
AD1061,306.9363708
AD1062,826.5249023
AD1063,542.4454956
AD1064,461.6312561
AD1065,740.4553223
AD1066,1540.977905
AD1067,825.3963013
AD1068,79.9842453
AD1069,443.7214661
AD1070,864.7984619
AD1071,642.5112915
AD1072,1165.296387
AD1073,995.7348022
AD1074,410.7298584
AD1075,499.18927
AD1076,641.1021118
AD1077,851.9497681
AD1078,1146.231812
AD1079,1266.981567
AD1080,151.1487579
AD1081,474.8200073
AD1082,1291.160767
AD1083,368.6196594
AD1084,530.0042725
AD1085,432.3490601
AD1086,537.4891357
AD1087,74.06996918
AD1088,679.6071167
AD1089,128.5910645
AD1090,1163.921875
AD1091,976.8670044
AD1092,155.8660889
AD1093,1615.357544
AD1094,477.7844238
AD1095,124.6610565
AD1096,221.4367523
AD1097,284.4660339
AD1098,158.2256927
AD1099,514.9403687
AD1100,511.3317566
AD1101,570.715271
AD1102,501.559967
AD1103,543.3702393
AD1104,542.3583374
AD1105,551.2911987
AD1106,547.3773804
AD1107,636.6124878
AD1108,539.3639526
AD1109,492.9882813
AD1110,553.5569458
AD1111,481.4550781
AD1112,571.7329712
AD1113,606.2295532
AD1114,493.0718994
AD1115,516.5303955
AD1116,521.6677246
AD1117,526.1129761
AD1118,586.8352051
AD1119,599.5809937
AD1120,551.1422119
AD1121,621.262085
AD1122,662.1040039
AD1123,589.3366089
AD1124,593.8092041
AD1125,477.7514038
AD1126,526.3783569
AD1127,553.3703613
AD1128,568.6575928
AD1129,578.4436035
AD1130,591.093811
AD1131,626.9718018
AD1132,578.6589355
AD1133,513.9111328
AD1134,646.7543335
AD1135,657.3358765
AD1136,548.3984985
AD1137,476.2756958
AD1138,528.9237671
AD1139,530.9639893
AD1140,566.7473145
AD1141,622.5033569
AD1142,491.4777527
AD1143,651.1622314
AD1144,489.3351135
AD1145,578.3879395
AD1146,601.7244263
AD1147,554.3222656
AD1148,576.5409546
AD1149,596.3981323
AD1150,493.3631287
AD1151,508.2177734
AD1152,529.4552612
AD1153,534.1740723
AD1154,535.8122559
AD1155,488.7176514
AD1156,646.9204102
AD1157,572.3345337
AD1158,600.6030273
AD1159,514.3710327
AD1160,565.1156006
AD1161,606.6209106
AD1162,566.855835
AD1163,596.6223145
AD1164,630.9099121
AD1165,562.3305054
AD1166,522.3418579
AD1167,560.7530518
AD1168,618.5961304
AD1169,608.0935669
AD1170,641.9102173
AD1171,584.3317871
AD1172,551.2824097
AD1173,497.3513489
AD1174,586.1357422
AD1175,519.4885254
AD1176,558.3243408
AD1177,529.2790527
AD1178,562.8973389
AD1179,558.3047485
AD1180,603.3203125
AD1181,609.6986694
AD1182,609.692688
AD1183,561.1187134
AD1184,564.6689453
AD1185,500.2832947
AD1186,538.501709
AD1187,603.3234863
AD1188,544.7905884
AD1189,595.0327759
AD1190,570.3788452
AD1191,545.4795532
AD1192,641.3571167
AD1193,560.8569946
AD1194,525.3709106
AD1195,592.855896
AD1196,583.1853638
AD1197,616.6834106
AD1198,606.8952637
AD1199,561.1794434
AD1200,553.9769287
AD1201,571.6755981
AD1202,553.9140015
AD1203,549.1592407
AD1204,560.6235352
AD1205,472.7679749
AD1206,579.1392212
AD1207,610.065979
AD1208,588.9799805
AD1209,597.2303467
AD1210,555.4282837
AD1211,597.6728516
AD1212,555.4638062
AD1213,605.6743774
AD1214,568.4574585
AD1215,573.9698486
AD1216,518.9527588
AD1217,642.1356812
AD1218,534.1799927
AD1219,511.1267395
AD1220,657.7561646
AD1221,546.7761841
AD1222,604.800354
AD1223,543.1912231
AD1224,575.2926636
AD1225,615.2058105
AD1226,572.3265381
AD1227,493.2404175
AD1228,501.2284546
AD1229,584.5213623
AD1230,572.9944458
AD1231,611.9714355
AD1232,573.0855713
AD1233,545.9702148
AD1234,590.7862549
AD1235,614.5634766
AD1236,579.2305908
AD1237,602.6287842
AD1238,562.8294067
AD1239,635.4111328
AD1240,605.7759399
AD1241,538.1086426
AD1242,590.7047119
AD1243,626.3251953
AD1244,615.0142822
AD1245,511.0855103
AD1246,506.4942932
AD1247,603.7799683
AD1248,621.0767822
AD1249,539.4033813
AD1250,537.6014404
AD1251,541.4638062
AD1252,613.3165894
AD1253,536.3337402
AD1254,507.6072998
AD1255,528.9816895
AD1256,681.4425049
AD1257,547.3588257
AD1258,502.5875854
AD1259,509.4564209
AD1260,582.0405884
AD1261,587.9758301
AD1262,620.0713501
AD1263,593.9466553
AD1264,564.828125
AD1265,501.3933411
AD1266,492.050293
AD1267,611.1148071
AD1268,638.9039307
AD1269,523.5168457
AD1270,525.7138672
AD1271,561.4924316
AD1272,596.9134521
AD1273,510.4232178
AD1274,510.5163879
AD1275,524.711853
AD1276,603.3574219
AD1277,517.7775269
AD1278,660.1846313
AD1279,562.1446533
AD1280,502.8795166
AD1281,619.3264771
AD1282,563.2540894
AD1283,536.5123291
AD1284,622.0802612
AD1285,589.0462036
AD1286,596.4668579
AD1287,542.305542
AD1288,560.6309814
AD1289,590.7919922
AD1290,572.0526733
AD1291,575.9068604
AD1292,544.5661621
AD1293,477.5177917
AD1294,478.6157837
AD1295,466.0722656
AD1296,587.3372803
AD1297,511.3149414
AD1298,617.6130981
AD1299,593.7832642
AD1300,659.9851074
AD1301,676.3571167
AD1302,542.0650024
AD1303,522.7276001
AD1304,583.0319824
AD1305,517.0219116
AD1306,516.8220215
AD1307,627.6679688
AD1308,606.6571655
AD1309,582.8637085
AD1310,584.8195801
AD1311,550.7944946
AD1312,616.378418
AD1313,568.8485107
AD1314,608.4181519
AD1315,556.8919678
AD1316,543.6570435
AD1317,651.5709839
AD1318,495.0510559
AD1319,590.6479492
AD1320,574.8175659
AD1321,550.5100098
AD1322,533.6337891
AD1323,584.4733276
AD1324,581.791626
AD1325,601.9428711
AD1326,512.9265137
AD1327,562.7504883
AD1328,599.4971313
AD1329,590.5540161
AD1330,577.2818604
AD1331,637.1645508
AD1332,587.8665771
AD1333,560.4099731
AD1334,832.9327393
AD1335,569.4249268
AD1336,138.6536102
AD1337,74.20629883
AD1338,105.5485229
AD1339,390.9090881
AD1340,429.7163086
AD1341,1016.916809
AD1342,389.9497986
AD1343,506.7093811
AD1344,282.6499634
AD1345,1265.489014
AD1346,1483.586792
AD1347,842.2367554
AD1348,190.6052399
AD1349,461.507843
AD1350,662.8804932
AD1351,244.4725647
AD1352,431.3821411
AD1353,367.4279175
AD1354,46.37009048
AD1355,479.4374695
AD1356,116.4206467
AD1357,104.8597794
AD1358,55.45448685
AD1359,547.9918823
AD1360,161.7154694
AD1361,247.5346832
AD1362,443.0639038
AD1363,416.026947
AD1364,206.5993958
AD1365,686.5063477
AD1366,303.2024231
AD1367,565.9690552
AD1368,1009.710632
AD1369,356.212677
AD1370,965.0039673
AD1371,358.4187317
AD1372,130.9142151
AD1373,691.1622314
AD1374,119.4893723
AD1375,1071.687744
AD1376,432.9764099
AD1377,1205.274048
AD1378,1166.724121
AD1379,405.1929626
AD1380,143.6094208
AD1381,452.546051
AD1382,132.2346954
AD1383,315.0361328
AD1384,1190.012329
AD1385,88.12524414
AD1386,1826.851685
AD1387,365.1786499
AD1388,326.0507507
AD1389,642.1246338
AD1390,550.9066162
AD1391,777.4447632
AD1392,515.1108398
AD1393,909.0688477
AD1394,444.1679688
AD1395,1461.823975
AD1396,276.5302124
AD1397,225.7045746
AD1398,88.38959503
AD1399,856.5822144
AD1400,1517.09375
AD1401,1091.663818
AD1402,345.3378296
AD1403,889.508728
AD1404,141.5031891
AD1405,1331.477295
AD1406,262.4049683
AD1407,133.6955719
AD1408,668.2025757
AD1409,1520.374268
AD1410,348.1064453
AD1411,139.1977844
AD1412,773.2889404
AD1413,131.6369476
AD1414,127.0988617
AD1415,160.8446808
AD1416,953.895874
AD1417,349.0881653
AD1418,1437.826172
AD1419,162.3472748
AD1420,338.6699219
AD1421,166.0713806
AD1422,387.9582825
AD1423,888.8691406
AD1424,106.2477188
AD1425,864.3250732
AD1426,695.7684326
AD1427,357.5256958
AD1428,65.02003479
AD1429,1341.487427
AD1430,1375.151611
AD1431,1111.102173
AD1432,325.2033997
AD1433,1697.59436
AD1434,136.8883514
AD1435,1032.723877
AD1436,363.2805176
AD1437,603.9807129
AD1438,319.4709473
AD1439,305.0332031
AD1440,47.90713882
AD1441,549.9772949
AD1442,624.5783691
AD1443,561.2783813
AD1444,193.4819183
AD1445,1886.505005
AD1446,389.7242737
AD1447,1446.111328
AD1448,321.9772034
AD1449,181.4002838
AD1450,67.00022125
AD1451,225.0179901
AD1452,422.0679626
AD1453,171.1914978
AD1454,1597.038452
AD1455,686.409668
AD1456,204.1480408
AD1457,313.2015991
AD1458,363.4971008
AD1459,188.108551
AD1460,327.5183716
AD1461,1537.475952
AD1462,371.2147522
AD1463,161.4078979
AD1464,897.4667358
AD1465,71.69378662
AD1466,76.5281601
AD1467,142.136734
AD1468,45.35672379
AD1469,576.6867065
AD1470,557.4508667
AD1471,309.5993958
AD1472,467.1798401
AD1473,26.23571777
AD1474,822.9829712
AD1475,551.5948486
AD1476,1184.371338
AD1477,1030.398804
AD1478,356.4833984
AD1479,371.5602417
AD1480,1056.993652
AD1481,333.0943909
AD1482,164.5631256
AD1483,234.7232056
AD1484,469.2492981
AD1485,138.8313446
AD1486,116.5744324
AD1487,579.6882324
AD1488,697.2714844
AD1489,50.37561035
AD1490,422.2406311
AD1491,333.8953552
AD1492,866.4766846
AD1493,1182.961548
AD1494,563.9489746
AD1495,137.3790894
AD1496,1418.580322
AD1497,395.931488
AD1498,93.41590118
AD1499,556.0722656
AD1500,605.0690308
AD1501,103.6839828
AD1502,1447.387451
AD1503,230.0735626
AD1504,751.8641357
AD1505,972.9158325
AD1506,626.4276123
AD1507,618.8117676
AD1508,672.5759888
AD1509,192.9096985
AD1510,950.9458008
AD1511,532.4993896
AD1512,474.5176392
AD1513,415.0312805
AD1514,1013.601624
AD1515,696.5563354
AD1516,732.6696167
AD1517,1755.807983
AD1518,91.58670044
AD1519,501.8912659
AD1520,338.4536438
AD1521,105.6576843
AD1522,133.2025604
AD1523,709.223938
AD1524,560.4341431
AD1525,366.3080444
AD1526,234.6559143
AD1527,534.7816772
AD1528,891.1541748
AD1529,1794.126465
AD1530,315.1646118
AD1531,307.1549683
AD1532,1286.122925
AD1533,455.6227112
AD1534,507.8573303
AD1535,567.5578613
AD1536,421.1457214
AD1537,1241.388062
AD1538,32.8077774
AD1539,456.9501953
AD1540,1361.732544
AD1541,829.6796265
AD1542,211.4603577
AD1543,273.3754578
AD1544,63.97606659
AD1545,577.6779785
AD1546,960.7821655
AD1547,262.1429443
AD1548,60.80477905
AD1549,693.0888062
AD1550,637.0050659
AD1551,165.8894958
AD1552,137.4368591
AD1553,573.9136353
AD1554,324.386322
AD1555,645.3804932
AD1556,76.17923737
AD1557,412.7692871
AD1558,909.5306396
AD1559,142.5879822
AD1560,472.96521
AD1561,822.6931763
AD1562,1583.256836
AD1563,407.5577087
AD1564,600.9320679
AD1565,880.593811
AD1566,129.5319519
AD1567,190.9849396
AD1568,1164.796997
AD1569,26.43231583
AD1570,1342.206665
AD1571,751.5982666
AD1572,963.7278442
AD1573,1305.094971
AD1574,188.3289795
AD1575,672.1586914
AD1576,113.6947784
AD1577,93.1548233
AD1578,851.5661621
AD1579,64.7654953
AD1580,197.076767
AD1581,491.8902588
AD1582,261.905304
AD1583,1615.352539
AD1584,374.8499756
AD1585,115.3062973
AD1586,193.4667358
AD1587,718.546936
AD1588,222.9913788
AD1589,288.7777405
AD1590,199.050415
AD1591,264.9542847
AD1592,1065.678589
AD1593,230.1625214
AD1594,315.8358765
AD1595,161.6464386
AD1596,363.6608582
AD1597,100.8512802
AD1598,422.5881958
AD1599,394.5985718
AD1600,135.9276733
AD1601,71.91345215
AD1602,212.6377869
AD1603,280.9264221
AD1604,84.58960724
AD1605,311.3441772
AD1606,1730.120239
AD1607,494.8213196
AD1608,206.0659027
AD1609,1272.654541
AD1610,272.7311096
AD1611,64.358284
AD1612,323.9667969
AD1613,850.7167358
AD1614,1786.745483
AD1615,1155.132568
AD1616,239.8131714
AD1617,260.4124756
AD1618,436.9970093
AD1619,728.2876587
AD1620,134.1233521
AD1621,170.7814789
AD1622,331.8343201
AD1623,293.5574341
AD1624,986.3972168
AD1625,1232.720337
AD1626,205.871582
AD1627,660.9258423
AD1628,342.4798889
AD1629,384.8928223
AD1630,233.9793243
AD1631,486.5245667
AD1632,215.9658966
AD1633,1742.019165
AD1634,224.2301331
AD1635,1101.329346
AD1636,233.4402313
AD1637,1205.820923
AD1638,102.8157578
AD1639,290.5517273
AD1640,319.3764343
AD1641,373.8756714
AD1642,255.0785828
AD1643,810.4712524
AD1644,433.0285339
AD1645,537.5797119
AD1646,322.2296753
AD1647,340.7008057
AD1648,974.1777954
AD1649,1288.614136
AD1650,245.500885
AD1651,344.2835693
AD1652,673.567688
AD1653,1111.188599
AD1654,34.32403183
AD1655,257.8956909
AD1656,47.98669052
AD1657,440.1651001
AD1658,119.0652161
AD1659,1113.523315
AD1660,923.7828369
AD1661,1653.045288
AD1662,417.9032288
AD1663,277.6777039
AD1664,140.603653
AD1665,285.618927
AD1666,173.7433167
AD1667,275.1585999
AD1668,60.89641953
AD1669,81.64535522
AD1670,882.8052368
AD1671,1004.803955
AD1672,265.3096313
AD1673,163.4012909
AD1674,997.1625977
AD1675,229.2560883
AD1676,220.5290375
AD1677,1361.455688
AD1678,536.666748
AD1679,298.1089478
AD1680,1244.213623
AD1681,125.8661194
AD1682,966.2404785
AD1683,1266.481323
AD1684,538.8574219
AD1685,96.59571838
AD1686,776.3258667
AD1687,100.3914948
AD1688,780.2627563
AD1689,552.1660767
AD1690,1226.321533
AD1691,1553.782837
AD1692,809.0605469
AD1693,332.6266174
AD1694,148.5734558
AD1695,212.0357819
AD1696,239.90271
AD1697,810.9901123
AD1698,282.6161499
AD1699,97.04013824
AD1700,1539.518433
AD1701,152.4142761
AD1702,206.3973694
AD1703,371.4719849
AD1704,358.0050354
AD1705,684.2625122
AD1706,59.96966934
AD1707,830.0374756
AD1708,1162.720337
AD1709,563.4141846
AD1710,247.13974
AD1711,540.3494873
AD1712,230.3188171
AD1713,137.9462891
AD1714,463.5548706
AD1715,490.8568115
AD1716,254.525528
AD1717,500.8288269
AD1718,158.0980682
AD1719,34.73212433
AD1720,1084.497437
AD1721,924.4436035
AD1722,571.5134888
AD1723,276.7738953
AD1724,293.8903503
AD1725,147.5103302
AD1726,45.04798126
AD1727,742.6032715
AD1728,1137.316772
AD1729,140.3445587
AD1730,960.4016113
AD1731,255.196106
AD1732,399.4737549
AD1733,507.17099
AD1734,283.2927551
AD1735,408.6246948
AD1736,905.0658569
AD1737,340.5391846
AD1738,1001.034119
AD1739,20.44701767
AD1740,188.5549011
AD1741,96.8188324
AD1742,168.8659973
AD1743,435.9403076
AD1744,1583.427002
AD1745,1268.186646
AD1746,847.423645
AD1747,641.3553467
AD1748,1428.381836
AD1749,1250.283325
AD1750,1049.747437
AD1751,311.7320251
AD1752,995.0800171
AD1753,1686.134277
AD1754,104.5029144
AD1755,77.2348938
AD1756,36.08729172
AD1757,1344.714844
AD1758,1253.016846
AD1759,130.8183136
AD1760,217.6383972
AD1761,666.8062744
AD1762,224.0090027
AD1763,248.1807861
AD1764,281.103302
AD1765,626.1427002
AD1766,202.3843689
AD1767,1269.380615
AD1768,898.7386475
AD1769,326.1993408
AD1770,477.1836853
AD1771,590.0774536
AD1772,458.1135559
AD1773,376.6247864
AD1774,32.43449402
AD1775,1584.014526
AD1776,1573.053345
AD1777,626.2888184
AD1778,287.9445496
AD1779,283.2088318
AD1780,1273.913086
AD1781,882.6828613
AD1782,1085.326904
AD1783,173.5263824
AD1784,275.1487732
AD1785,913.9071045
AD1786,33.86617661
AD1787,598.4350586
AD1788,112.2177124
AD1789,142.5415497
AD1790,295.7398987
AD1791,1457.682373
AD1792,1168.249512
AD1793,346.1116638
AD1794,50.74819183
AD1795,792.9483643
AD1796,176.9024506
AD1797,960.105896
AD1798,75.40031433
AD1799,554.1619873
AD1800,63.02717972
AD1801,582.9593506
AD1802,1314.662109
AD1803,72.37119293
AD1804,111.2566757
AD1805,1390.230957
AD1806,792.1886597
AD1807,218.2349091
AD1808,678.3093262
AD1809,122.3575821
AD1810,258.7982483
AD1811,890.0436401
AD1812,556.8527832
AD1813,523.6036987
AD1814,1041.116577
AD1815,134.7626801
AD1816,638.6068726
AD1817,689.65271
AD1818,316.1289673
AD1819,523.6530762
AD1820,27.57575607
AD1821,593.6853638
AD1822,131.0323181
AD1823,1050.528687
AD1824,1750.897339
AD1825,1655.032593
AD1826,795.5120239
AD1827,992.1536255
AD1828,382.1976624
AD1829,974.4251709
AD1830,172.8992615
AD1831,298.4595642
AD1832,84.53739166
AD1833,967.130249
AD1834,920.7817383
AD1835,957.3013916
AD1836,206.2264099
AD1837,568.9656982
AD1838,397.561676
AD1839,1126.328613
AD1840,410.7367554
AD1841,505.2049255
AD1842,345.5498352
AD1843,42.9266243
AD1844,498.1857605
AD1845,519.4237061
AD1846,531.9276123
AD1847,1725.018311
AD1848,1460.571289
AD1849,335.1115112
AD1850,101.8490524
AD1851,69.85115051
AD1852,26.55403709
AD1853,748.3265381
AD1854,183.6514282
AD1855,231.517868
AD1856,113.1334229
AD1857,256.5839233
AD1858,1045.811279
AD1859,760.2290649
AD1860,411.5715637
AD1861,1069.326416
AD1862,725.4541626
AD1863,380.9805908
AD1864,1133.83252
AD1865,1056.987915
AD1866,595.1970825
AD1867,752.8256836
AD1868,734.0098267
AD1869,153.0300598
AD1870,563.0543213
AD1871,622.7492676
AD1872,307.2981873
AD1873,405.4763489
AD1874,158.5677795
AD1875,715.2556763
AD1876,211.1019592
AD1877,343.7988892
AD1878,380.0507507
AD1879,208.7946472
AD1880,327.2232971
AD1881,288.7298279
AD1882,502.1212463
AD1883,119.3691711
AD1884,598.0097656
AD1885,65.77454376
AD1886,786.2008667
AD1887,1464.352051
AD1888,176.1442566
AD1889,65.27043152
AD1890,86.35836029
AD1891,1274.824341
AD1892,242.5592041
AD1893,625.6782837
AD1894,172.9211731
AD1895,444.1711426
AD1896,1030.675171
AD1897,91.3234024
AD1898,227.2545929
AD1899,289.1860657
AD1900,705.395813
AD1901,183.5819244
AD1902,1444.185425
AD1903,54.80534744
AD1904,557.1238403
AD1905,1196.343994
AD1906,1086.634155
AD1907,1007.904541
AD1908,762.5637207
AD1909,119.4334793
AD1910,1517.88269
AD1911,330.8919678
AD1912,254.2994995
AD1913,97.8562088
AD1914,72.6081543
AD1915,347.4147949
AD1916,619.2332153
AD1917,1766.305542
AD1918,1140.60791
AD1919,134.4263153
AD1920,38.92583466
AD1921,652.4041748
AD1922,502.5939026
AD1923,923.4672852
AD1924,112.2729645
AD1925,474.7866516
AD1926,213.1338501
AD1927,126.1673279
AD1928,473.0304565
AD1929,861.1105347
AD1930,77.25066376
AD1931,240.4763336
AD1932,668.7792969
AD1933,233.9034576
AD1934,938.8474121
AD1935,761.7286987
AD1936,414.1483765
AD1937,488.7112122
AD1938,848.3276367
AD1939,81.69645691
AD1940,1196.16333
AD1941,277.5679932
AD1942,59.07778931
AD1943,1531.615479
AD1944,407.9681396
AD1945,150.7050323
AD1946,815.5020142
AD1947,331.0635681
AD1948,516.9802246
AD1949,24.56579208
AD1950,1182.149048
AD1951,780.2072144
AD1952,374.4918823
AD1953,394.7660217
AD1954,1217.016235
AD1955,329.6179199
AD1956,1312.669189
AD1957,140.5403442
AD1958,50.68225098
AD1959,267.9491272
AD1960,411.5005493
AD1961,1145.870117
AD1962,23.96442795
AD1963,297.4345093
AD1964,210.2500916
AD1965,670.753418
AD1966,1057.329834
AD1967,693.2272339
AD1968,100.2363663
AD1969,169.3455811
AD1970,1050.02417
AD1971,68.59264374
AD1972,38.41716385
AD1973,139.3173523
AD1974,279.9203796
AD1975,132.8592987
AD1976,448.2756042
AD1977,1100.96936
AD1978,136.9564056
AD1979,364.0292358
AD1980,248.2108765
AD1981,422.2972717
AD1982,544.5845337
AD1983,588.3295288
AD1984,624.3041382
AD1985,748.6553955
AD1986,125.1690826
AD1987,836.2910767
AD1988,1041.198364
AD1989,1241.208984
AD1990,625.4943848
AD1991,705.7428589
AD1992,736.8295288
AD1993,559.5864258
AD1994,325.7360535
AD1995,179.2340698
AD1996,320.1014404
AD1997,27.96971512
AD1998,1292.116943
AD1999,489.5098267
AD2000,69.19377136
AD2001,553.5995483
AD2002,265.1019287
AD2003,349.2076721
AD2004,209.0484772
AD2005,624.2659912
AD2006,80.1739502
AD2007,769.2833252
AD2008,239.7828674
AD2009,482.6023254
AD2010,531.2193604
AD2011,1082.631836
AD2012,1144.647217
AD2013,802.2589722
AD2014,1348.007446
AD2015,118.9958267
AD2016,20.09540558
AD2017,238.872406
AD2018,1676.326538
AD2019,256.1564941
AD2020,388.772644
AD2021,584.6800537
AD2022,775.5983276
AD2023,1111.12793
AD2024,508.3021545
AD2025,624.1224365
AD2026,944.9935913
AD2027,173.0198822
AD2028,136.3605347
AD2029,553.1722412
AD2030,98.92623138
AD2031,424.0998535
AD2032,640.145874
AD2033,723.4028931
AD2034,757.8386841
AD2035,637.4797974
AD2036,1440.661133
AD2037,33.3155098
AD2038,626.8945313
AD2039,490.6092224
AD2040,88.86964417
AD2041,409.9228516
AD2042,529.7778931
AD2043,477.9263916
AD2044,86.62791443
AD2045,125.4316864
AD2046,200.1556091
AD2047,206.747757
AD2048,500.7822571
AD2049,317.9082336
AD2050,1207.943848
AD2051,358.2053223
AD2052,233.9849854
AD2053,187.8931427
AD2054,392.1878662
AD2055,596.3865356
AD2056,327.8181152
AD2057,1162.264404
AD2058,264.0905457
AD2059,442.999939
AD2060,90.6264801
AD2061,668.888855
AD2062,275.1791992
AD2063,1000.135437
AD2064,934.7657471
AD2065,683.9348145
AD2066,96.07337952
AD2067,1327.921143
AD2068,421.4223328
AD2069,442.8926697
AD2070,117.6799698
AD2071,992.3199463
AD2072,1304.595337
AD2073,174.0205078
AD2074,640.2019653
AD2075,1138.49585
AD2076,1233.278564
AD2077,1015.923401
AD2078,186.4789886
AD2079,784.3276978
AD2080,494.3026733
AD2081,840.4043579
AD2082,65.81256866
AD2083,580.843811
AD2084,1710.835938
AD2085,349.7332153
AD2086,596.6723633
AD2087,558.0139771
AD2088,529.2695313
AD2089,575.6071167
AD2090,40.67624664
AD2091,586.6970825
AD2092,206.1682892
AD2093,331.965332
AD2094,337.4824219
AD2095,303.7653503
AD2096,429.8114319
AD2097,503.4243164
AD2098,736.7087402
AD2099,282.6222229
AD2100,477.2160645
AD2101,1317.390137
AD2102,968.7785034
AD2103,825.6051636
AD2104,109.4061508
AD2105,417.3447876
AD2106,564.2504272
AD2107,257.467804
AD2108,276.5213928
AD2109,176.5209961
AD2110,205.0104828
AD2111,826.4244385
AD2112,574.8327637
AD2113,550.3086548
AD2114,569.5541992
AD2115,599.8169556
AD2116,564.954895
AD2117,573.0913696
AD2118,541.5559692
AD2119,574.8327637
AD2120,564.954895
AD2121,63.26524734
AD2122,759.3641357
AD2123,693.4428711
AD2124,1209.225098
AD2125,323.970459
AD2126,182.5848999
AD2127,153.3898468
AD2128,152.5841217
AD2129,101.7984161
AD2130,247.3174133
AD2131,28.83869934
AD2132,42.68358994
AD2133,1129.251709
AD2134,576.6455688
AD2135,82.14608002
AD2136,766.7244263
AD2137,1173.222778
AD2138,1290.593994
AD2139,506.778656
AD2140,712.1893311
AD2141,816.7294312
AD2142,735.1195679
AD2143,819.5426636
AD2144,1508.267334
AD2145,1081.814209
AD2146,458.8728638
AD2147,1013.369141
AD2148,406.2504272
AD2149,230.9302216
AD2150,456.7133179
AD2151,304.7671509
AD2152,227.9698486
AD2153,532.7087402
AD2154,1127.664307
AD2155,994.2423706
AD2156,203.3138733
AD2157,95.82602692
AD2158,588.3154297
AD2159,681.6557007
AD2160,1156.100464
AD2161,437.1308899
AD2162,723.423584
AD2163,93.1443634
AD2164,679.7059326
AD2165,90.19789124
AD2166,139.5686798
AD2167,1545.181152
AD2168,450.6192017
AD2169,1126.457764
AD2170,1266.137695
AD2171,107.0390167
AD2172,857.4943848
AD2173,958.7800293
AD2174,1028.613037
AD2175,141.3569336
AD2176,595.0908203
AD2177,1216.07373
AD2178,407.6631165
AD2179,984.9645386
AD2180,944.7974854
AD2181,181.2235413
AD2182,212.171402
AD2183,174.8799744
AD2184,678.2637329
AD2185,1063.200073
AD2186,375.9619141
AD2187,282.2263489
AD2188,585.852478
AD2189,594.2754517
AD2190,578.9806519
AD2191,573.0913696
AD2192,538.2428589
AD2193,581.9266968
AD2194,561.1397095
AD2195,612.102356
AD2196,583.501709
AD2197,541.5559692
AD2198,574.8327637
AD2199,581.9266968
AD2200,541.5559692
AD2201,557.7635498
AD2202,589.1818237
AD2203,569.0927124
AD2204,557.7635498
AD2205,573.0913696
AD2206,582.7455444
AD2207,562.1253052
AD2208,594.7473755
AD2209,594.7473755
AD2210,561.1397095
AD2211,594.2754517
AD2212,550.3086548
AD2213,564.954895
AD2214,585.852478
AD2215,562.1253052
AD2216,581.9266968
AD2217,557.7635498
AD2218,564.954895
AD2219,564.954895
AD2220,594.7473755
AD2221,581.9266968
AD2222,583.501709
AD2223,557.7635498
AD2224,564.954895
AD2225,585.852478
AD2226,580.2116699
AD2227,557.7635498
AD2228,574.8327637
AD2229,589.1818237
AD2230,578.9806519
AD2231,568.3145142
AD2232,569.5541992
AD2233,599.8169556
AD2234,538.2428589
AD2235,574.3387451
AD2236,599.8169556
AD2237,574.8327637
AD2238,581.9266968
AD2239,569.5541992
AD2240,538.2428589
AD2241,581.9266357
AD2242,557.7635498
AD2243,599.8169556
AD2244,569.5541992
AD2245,581.9266968
AD2246,594.7473755
AD2247,574.8327637
AD2248,541.5559692
AD2249,561.1397095
AD2250,557.7635498
AD2251,589.1818237
AD2252,569.0927124
AD2253,569.0927124
AD2254,612.102356
AD2255,569.0927124
AD2256,557.7635498
AD2257,557.7635498
AD2258,599.8169556
AD2259,538.2428589
AD2260,583.501709
AD2261,589.1818237
AD2262,562.1253052
AD2263,568.3145142
AD2264,574.3387451
AD2265,574.8327637
AD2266,569.0927124
AD2267,583.501709
AD2268,582.7455444
AD2269,574.3387451
AD2270,569.0927124
AD2271,574.3387451
AD2272,583.501709
AD2273,568.3145142
AD2274,594.2754517
AD2275,562.1253052
AD2276,568.3145142
AD2277,564.954895
AD2278,581.9266968
AD2279,582.7455444
AD2280,574.3387451
AD2281,612.102356
AD2282,594.7473755
AD2283,574.3387451
AD2284,578.9806519
AD2285,599.8169556
AD2286,612.102356
AD2287,574.3387451
AD2288,574.3387451
AD2289,550.3086548
AD2290,580.2116699
AD2291,561.1397095
AD2292,594.2754517
AD2293,561.1397095
AD2294,612.102356
AD2295,541.5559692
AD2296,599.8169556
AD2297,574.3387451
AD2298,581.9266968
AD2299,594.2754517
AD2300,583.501709
AD2301,594.2754517
AD2302,557.7635498
AD2303,594.2754517
AD2304,557.7635498
AD2305,562.1253052
AD2306,573.0913696
AD2307,589.1818237
AD2308,568.0253296
AD2309,541.5559692
AD2310,568.3145142
AD2311,612.102356
AD2312,594.2754517
AD2313,557.7635498
AD2314,568.3145142
AD2315,574.3387451
AD2316,541.5559082
AD2317,571.3812866
AD2318,105.3598022
AD2319,483.4763489
AD2320,894.194458
AD2321,774.8875122
AD2322,423.7423401
AD2323,232.8284607
AD2324,134.1904602
AD2325,239.324707
AD2326,903.1524048
AD2327,431.9996033
AD2328,433.065918
AD2329,446.2156982
AD2330,122.9758301
AD2331,143.2601929
AD2332,348.7376099
AD2333,175.8848114
AD2334,53.51646805
AD2335,122.647049
AD2336,1235.357422
AD2337,99.40621948
AD2338,139.4409943
AD2339,919.0812988
AD2340,115.6249619
AD2341,444.5649719
AD2342,544.7097168
AD2343,1477.576416
AD2344,291.3746338
AD2345,995.7244873
AD2346,251.1639557
AD2347,415.6509705
AD2348,122.4465942
AD2349,589.932373
AD2350,1138.554688
AD2351,642.4771729
AD2352,1408.335571
AD2353,75.53190613
AD2354,135.6381989
AD2355,34.65327454
AD2356,636.2102661
AD2357,113.2095261
AD2358,170.5549164
AD2359,583.1465454
AD2360,1191.154419
AD2361,169.2750244
AD2362,526.9673462
AD2363,380.5318909
AD2364,68.06937408
AD2365,159.7795563
AD2366,213.6714783
AD2367,762.8838501
AD2368,81.27726746
AD2369,267.5301208
AD2370,87.88449097
AD2371,117.7147217
AD2372,923.3970337
AD2373,68.28892517
AD2374,300.790802
AD2375,213.9930725
AD2376,520.6564941
AD2377,827.7868652
AD2378,283.7628174
AD2379,34.18688965
AD2380,370.5000305
AD2381,212.7572327
AD2382,24.74755478
AD2383,262.2364197
AD2384,615.6785278
AD2385,622.9820557
AD2386,551.4909058
AD2387,531.25
AD2388,675.8355103
AD2389,189.1726227
AD2390,662.5621948
AD2391,1282.86792
AD2392,157.1869812
AD2393,571.6083984
AD2394,525.5913696
AD2395,577.8868408
AD2396,646.5305176
AD2397,539.4003906
AD2398,638.2054443
AD2399,636.795166
AD2400,581.2458496
AD2401,532.4245605
AD2402,588.7324219
AD2403,549.0217285
AD2404,569.4235229
AD2405,650.1168213
AD2406,588.0756226
AD2407,649.6200562
AD2408,566.2852173
AD2409,565.03479
AD2410,538.7861938
AD2411,293.0247803
AD2412,625.5638428
AD2413,349.3339844
AD2414,1677.720581
AD2415,680.460083
AD2416,330.1335449
AD2417,494.0188599
AD2418,1006.026428
AD2419,559.3244019
AD2420,628.8047485
AD2421,1008.155579
AD2422,346.8606262
AD2423,415.7224731
AD2424,426.1253967
AD2425,168.2332153
AD2426,715.2473755
AD2427,235.5803375
AD2428,770.8671875
AD2429,394.5625305
AD2430,439.7966003
AD2431,961.6347046
AD2432,651.4472656
AD2433,57.65445709
AD2434,987.463623
AD2435,1700.663208
AD2436,590.1904907
AD2437,1210.031128
AD2438,191.199585
AD2439,112.9546356
AD2440,429.5555115
AD2441,1233.335449
AD2442,275.9876099
AD2443,102.882515
AD2444,493.5542908
AD2445,153.9197845
AD2446,127.9363098
AD2447,823.3557739
AD2448,564.2865601
AD2449,795.7111816
AD2450,712.5022583
AD2451,338.4678955
AD2452,1539.807983
AD2453,798.7598877
AD2454,242.8045654
AD2455,131.3626709
AD2456,250.7846527
AD2457,606.4750366
AD2458,1208.325073
AD2459,305.0243225
AD2460,84.2490921
AD2461,195.9734039
AD2462,283.4797058
AD2463,651.6231079
AD2464,146.5630188
AD2465,323.5069885
AD2466,317.5639954
AD2467,1539.790283
AD2468,568.5452881
AD2469,887.2398682
AD2470,636.7900391
AD2471,193.3764954
AD2472,123.2644196
AD2473,669.2745972
AD2474,60.40503693
AD2475,259.7028809
AD2476,851.8081055
AD2477,424.3623352
AD2478,73.6980896
AD2479,371.1289978
AD2480,174.2154236
AD2481,644.967041
AD2482,198.8177795
AD2483,799.2639771
AD2484,58.15028
AD2485,791.3445435
AD2486,1593.988159
AD2487,987.7720337
AD2488,89.07208252
AD2489,1670.38916
AD2490,1427.105103
AD2491,1035.272095
AD2492,575.3377686
AD2493,131.8278809
AD2494,30.72344971
AD2495,290.0397339
AD2496,474.5711365
AD2497,684.3173828
AD2498,201.2455444
AD2499,533.5460815
AD2500,184.5452271
AD2501,641.3892822
AD2502,697.4488525
AD2503,1009.447327
AD2504,1197.079834
AD2505,188.660202
AD2506,668.1815796
AD2507,384.6704102
AD2508,951.7178345
AD2509,137.6997528
AD2510,420.6817322
AD2511,480.6346436
AD2512,545.4890747
AD2513,308.7632141
AD2514,185.9364929
AD2515,243.210556
AD2516,877.9483032
AD2517,287.5828857
AD2518,744.7651978
AD2519,286.5499573
AD2520,702.6797485
AD2521,144.7035065
AD2522,1128.307495
AD2523,1717.645142
AD2524,116.4609528
AD2525,1320.725098
AD2526,1585.308105
AD2527,1169.491455
AD2528,614.963562
AD2529,392.0093079
AD2530,324.3624878
AD2531,388.7489929
AD2532,546.4644165
AD2533,755.7337646
AD2534,879.3378296
AD2535,129.7646332
AD2536,331.8579102
AD2537,1045.072266
AD2538,156.6977539
AD2539,31.41995621
AD2540,1188.537109
AD2541,151.9675751
AD2542,1091.634399
AD2543,337.959259
AD2544,1177.787231
AD2545,59.44604874
AD2546,942.9047241
AD2547,885.3012695
AD2548,508.8807373
AD2549,612.711792
AD2550,408.3960876
AD2551,478.0641174
AD2552,580.3336792
AD2553,76.61571503
AD2554,507.9475098
AD2555,199.9657745
AD2556,104.4727173
AD2557,1214.884033
AD2558,565.5325317
AD2559,474.225708
AD2560,1374.837891
AD2561,1532.081299
AD2562,914.1782227
AD2563,896.2752686
AD2564,386.4685364
AD2565,1327.915283
AD2566,356.9009094
AD2567,1436.79834
AD2568,1460.031372
AD2569,217.2998657
AD2570,566.3602905
AD2571,536.5930176
AD2572,546.9662476
AD2573,32.26809311
AD2574,168.3299408
AD2575,362.2254333
AD2576,193.6654358
AD2577,923.0579834
AD2578,598.3396606
AD2579,164.2610474
AD2580,414.7032166
AD2581,247.2038116
AD2582,1082.464478
AD2583,965.819397
AD2584,313.8015137
AD2585,298.2404785
AD2586,445.7693481
AD2587,46.42125702
AD2588,900.3012695
AD2589,567.5270996
AD2590,680.1456909
AD2591,583.0305786
AD2592,90.29724121
AD2593,59.41999817
AD2594,751.3696899
AD2595,725.7106323
AD2596,257.8813171
AD2597,265.3242188
AD2598,1614.927979
AD2599,724.9278564
AD2600,610.5003662
AD2601,120.0764236
AD2602,342.8763428
AD2603,203.7270355
AD2604,1044.15979
AD2605,542.536499
AD2606,360.2304077
AD2607,658.5097656
AD2608,314.5835266
AD2609,269.9755859
AD2610,1711.30835
AD2611,714.9000854
AD2612,224.4638214
AD2613,475.101532
AD2614,219.8172913
AD2615,31.70136261
AD2616,189.7709503
AD2617,449.5617981
AD2618,420.2216492
AD2619,267.8009338
AD2620,211.1092072
AD2621,959.2091064
AD2622,355.5360413
AD2623,983.008667
AD2624,1115.902344
AD2625,1795.628296
AD2626,766.2023315
AD2627,807.1428833
AD2628,104.8013153
AD2629,1384.844116
AD2630,469.1829224
AD2631,718.3657837
AD2632,201.7537994
AD2633,629.1223755
AD2634,540.5942993
AD2635,119.3308563
AD2636,822.7611694
AD2637,945.4214478
AD2638,88.479599
AD2639,118.2336121
AD2640,1287.652344
AD2641,1045.142944
AD2642,1067.511108
AD2643,25.54277039
AD2644,159.1064148
AD2645,1694.385864
AD2646,747.2728882
AD2647,675.7536011
AD2648,119.3473282
AD2649,1104.829468
AD2650,1284.040527
AD2651,848.6259155
AD2652,231.6309967
AD2653,1021.809509
AD2654,1649.976685
AD2655,135.6042633
AD2656,540.5386963
AD2657,191.6809845
AD2658,865.5559692
AD2659,887.0141602
AD2660,239.80336
AD2661,615.6144409
AD2662,1278.891357
AD2663,1362.655151
AD2664,385.2144775
AD2665,91.52250671
AD2666,687.5968018
AD2667,772.9465942
AD2668,1643.317505
AD2669,184.9201508
AD2670,131.5756836
AD2671,441.9882202
AD2672,1005.340454
AD2673,137.0645752
AD2674,371.2600098
AD2675,465.9378662
AD2676,67.69906616
AD2677,737.5774536
AD2678,148.3908844
AD2679,1191.570557
AD2680,642.2141113
AD2681,1142.55127
AD2682,299.2510376
AD2683,305.6982422
AD2684,147.2374573
AD2685,156.6339722
AD2686,651.2596436
AD2687,946.7988892
AD2688,1052.25061
AD2689,793.668457
AD2690,217.4174347
AD2691,555.5557251
AD2692,131.8858795
AD2693,387.4241333
AD2694,1493.949829
AD2695,213.3154297
AD2696,155.9803314
AD2697,439.7947998
AD2698,288.9691772
AD2699,78.80114746
AD2700,744.0588379
AD2701,125.4871674
AD2702,562.6687622
AD2703,68.56980896
AD2704,607.0857544
AD2705,1197.543335
AD2706,261.4532776
AD2707,199.7426605
AD2708,64.37276459
AD2709,1151.868774
AD2710,1569.051025
AD2711,351.8675232
AD2712,785.734375
AD2713,1357.152222
AD2714,329.134613
AD2715,210.0790253
AD2716,515.4827271
AD2717,1105.306763
AD2718,295.4014893
AD2719,193.6601105
AD2720,1155.006592
AD2721,563.2404175
AD2722,290.2427673
AD2723,37.2886734
AD2724,104.9507217
AD2725,472.9335022
AD2726,473.054657
AD2727,156.7014313
AD2728,182.8216858
AD2729,326.3926086
AD2730,1230.043701
AD2731,282.4517822
AD2732,63.2441864
AD2733,1124.629517
AD2734,132.861496
AD2735,562.2325439
AD2736,490.1878052
AD2737,347.7294312
AD2738,1309.862793
